year,current_liabilities,current_liabilities_pc,debt_ratio,net_net_opeb_liability,net_net_opeb_liability_pc,net_net_pension_liability,net_net_pension_liability_pc,expenses,expenses_pc,total_liabilities,total_liabilities_pc,free_cash_flow,free_cash_flow_pc,revenues,revenues_pc,total_assets,total_assets_pc
2020,61653579558,1031.6747001765943,1.0207081312662565,151813438012,2540.3566875864426,158555253565,2653.170259631258,255564324166,4276.462930457382,751799695873,12580.173469132997,-55515953259,-928.9712753760926,261701950465,4379.166355257884,736547180182,12324.94685187474
2021,74921428338,1253.691069870392,0.954156055732308,160130048573,2679.5219520936494,118576386730,1984.187440611032,255963201397,4283.137507191602,747231805637,12503.737083387843,-49301129385,-824.9760718076191,281583500350,4711.852505254375,783133745416,13104.499005449705
2022,82298604824,1384.3534861050775,0.8868186205080206,124889388688,2108.90031358922,126565604547,2128.973343476908,263251812746,4405.100838146448,756301703958,12655.507421753147,-47032778289,-791.1433094743899,298585440135,4996.352955282736,852825692276,14270.683011260347
