year,current_liabilities,current_liabilities_pc,debt_ratio,net_net_opeb_liability,net_net_opeb_liability_pc,net_net_pension_liability,net_net_pension_liability_pc,expenses,expenses_pc,total_liabilities,total_liabilities_pc,free_cash_flow,free_cash_flow_pc,revenues,revenues_pc,total_assets,total_assets_pc
2020,63644325135,1028.1932319240316,1.0298838004647122,152917274776,2470.4246079354807,166994532808,2697.84694923376,265114261982,4283.000711818719,774357028041,12509.970898987736,-57538269061,-929.548057892909,271220318056,4381.645885849842,751887764126,12146.973176335903
2021,77940974057,1259.159899095282,0.9623353029917728,161055132202,2601.8941444578263,125804782819,2032.4141384764876,265084106501,4282.513540945215,769132888988,12425.573359921513,-52042113395,-840.7560085562998,290982967163,4700.917431484197,799235865708,12911.896010976687
2022,85873547974,1394.3309882576268,0.8954089164670473,125996692134,2045.8115031369528,134289932810,2180.4690634735366,272958078236,4409.719924689803,780609205206,12610.976703231983,-49172052541,-794.3893114622007,309708109022,5003.427735197879,871790743704,14084.041906786271
