year,current_liabilities,current_liabilities_pc,debt_ratio,net_net_opeb_liability,net_net_opeb_liability_pc,net_net_pension_liability,net_net_pension_liability_pc,expenses,expenses_pc,total_liabilities,total_liabilities_pc,free_cash_flow,free_cash_flow_pc,revenues,revenues_pc,total_assets,total_assets_pc
2020,61749665995,1020.5919547168751,1.0210458167297167,151048269743,2496.5098416255846,161060048919,2661.983469940512,256680956164,4242.395720994268,755561852141,12487.846454886492,-55619816110,-919.2784435351348,262810806049,4343.709232176009,739988196182,12230.446714804159
2021,75133563450,1241.7995976284124,0.9544815958631616,159038354201,2628.569113266073,121260646279,2004.1831485556067,256980927237,4247.353611192029,750730791945,12407.99920244646,-49533547671,-818.6852418877995,282580943016,4670.4679669326415,786532495963,12999.725983428307
2022,82587113103,1372.0562057161437,0.8873468939437111,123908902167,2058.5533477804934,129024360555,2143.5387185317945,264353906783,4369.213438054072,759979104522,12560.85433548568,-47186705218,-783.9335858720486,299822115522,4955.428244303765,856462235580,14155.517330612842
