year,current_liabilities,current_liabilities_pc,debt_ratio,net_net_opeb_liability,net_net_opeb_liability_pc,net_net_pension_liability,net_net_pension_liability_pc,expenses,expenses_pc,total_liabilities,total_liabilities_pc,free_cash_flow,free_cash_flow_pc,revenues,revenues_pc,total_assets,total_assets_pc
2020,39953496464,301.0016273986082,0.8561091032940092,81975914895,617.5900978558423,106964633954,805.8500943280653,217110737198,1635.6687400611763,409165921110,3082.573967991342,-32600045770,-245.60220502555498,224464187892,1691.0681624342296,477936654961,3600.6788809167815
2021,48822471391,367.81870531793044,0.817691927627502,85671156062,645.4293035158411,102038557587,768.7380231857347,223481308107,1683.6633433068532,419497883981,3160.412903594768,-29929761000,-225.48481524686704,242374018498,1825.9972333779167,513026813409,3865.0410953237247
2022,59041225597,444.8047495497255,0.7043574811672487,74765784851,563.2704245087272,71142013593,535.9696588057523,222157757951,1673.69198194531,403154074578,3037.281922239272,-26441348466,-199.20381501656632,254757635082,1919.2929164784691,572371395715,4312.1312734635
