year,current_liabilities,current_liabilities_pc,debt_ratio,net_net_opeb_liability,net_net_opeb_liability_pc,net_net_pension_liability,net_net_pension_liability_pc,expenses,expenses_pc,total_liabilities,total_liabilities_pc,free_cash_flow,free_cash_flow_pc,revenues,revenues_pc,total_assets,total_assets_pc
2020,45909581464,341.0166863340481,0.8544443375811573,87750513895,651.8114197152495,114285730954,848.9151942227696,231927039198,1722.755639595365,455709254110,3385.0114684712007,-37632717770,-279.53608598530013,240203902892,1784.2362399441129,533339895961,3961.6524091596357
2021,54740226391,406.6107774838334,0.8207315415240586,91206009062,677.4788615414766,110572486587,821.3331895692124,239390205107,1778.1920872102082,468439887981,3479.5747042747053,-35332265000,-262.4483070146175,258798166498,1922.354557679424,570758968409,4239.6015362262115
2022,65506231597,486.5807380743944,0.7042549484618947,79917766851,593.6297208920478,71307952593,529.6759614678383,236287884951,1755.1480317906214,448614491578,3332.3115236702056,-30441859466,-226.12234113008626,271352257082,2015.6064287349295,637005806715,4731.683506020132
