year,current_liabilities,current_liabilities_pc,debt_ratio,net_net_opeb_liability,net_net_opeb_liability_pc,net_net_pension_liability,net_net_pension_liability_pc,expenses,expenses_pc,total_liabilities,total_liabilities_pc,free_cash_flow,free_cash_flow_pc,revenues,revenues_pc,total_assets,total_assets_pc
2020,45909581464,341.0166863340481,0.8544443375811573,87750513895,651.8114197152495,114285730954,848.9151942227696,231927039198,1722.755639595365,455709254110,3385.0114684712007,-37632717770,-279.53608598530013,240203902892,1784.2362399441129,533339895961,3961.6524091596357
2021,54740226391,406.6107774838334,0.8207315415240586,91206009062,677.4788615414766,110572486587,821.3331895692124,239390205107,1778.1920872102082,468439887981,3479.5747042747053,-35332265000,-262.4483070146175,258798166498,1922.354557679424,570758968409,4239.6015362262115
2022,65296822037,496.4360470147361,0.7036723710480962,79917766851,597.458684607415,71698385532,536.0112625305172,235347756761,1759.4405689774785,450081577102,3364.77303629796,-30368974581,-230.8880160253402,270372078143,2021.2795292824014,639618088787,4781.732486222593
