year,debt_ratio,net_net_pension_liability,net_net_pension_liability_pc,net_net_opeb_liability,net_net_opeb_liability_pc,expenses,expenses_pc,total_liabilities,total_liabilities_pc,revenues,revenues_pc,total_assets,total_assets_pc
2020,1.0828069114533199,75403495691,7796.716523805871,60080896411.71986,6212.360760274888,142418514483.45837,14726.065084826036,261812244286.34488,27071.368939274344,144734851539.45837,14965.574184950881,241790333546.12244,25001.104677970463
2021,1.0788376289492283,83186420602.53639,8959.514328250534,64172507874.98388,6911.638938436999,146992954156.0151,15748.99085443497,275740435558.29846,29543.14118482428,151226989291.0151,16202.63015300772,255590302154.05588,27528.110450292952
2022,0.8959298134807646,53863874322.51296,5870.121869013605,59331501079.72516,6465.9875731206075,150021130795.9916,16171.630869622475,243779274341.51324,26278.35437180104,166194261680.99164,17915.024625492628,272096397143.44333,29330.818080165638
