year,debt_ratio,net_net_pension_liability,net_net_pension_liability_pc,net_net_opeb_liability,net_net_opeb_liability_pc,expenses,expenses_pc,total_liabilities,total_liabilities_pc,revenues,revenues_pc,total_assets,total_assets_pc
2020,1.083433213118153,75281589284,7729.6667015083,59931742285.71986,6153.594751589061,141844688098.45837,14564.147393916812,260595884631.34488,26757.13080904788,144169952934.45837,14802.897961565062,240527871470.12244,24696.61303075624
2021,1.0721216319511677,83186420602.53639,8853.874724312855,64172507874.98388,6830.14536933644,146016323330.0151,15541.121076067742,274023891856.29843,29165.495911364465,150346207285.0151,16001.968529662992,255590302154.05588,27203.532735633562
2022,0.8988559500550002,53765585709.51296,5859.410308734972,57586997329.72516,6275.870361125496,148324489440.9916,16164.5043199934,241901611401.51324,26362.603082269437,164146339322.99164,17888.780343000533,269121666699.44333,29329.06332839687
