year,debt_ratio,net_net_pension_liability,net_net_pension_liability_pc,net_net_opeb_liability,net_net_opeb_liability_pc,expenses,expenses_pc,total_liabilities,total_liabilities_pc,revenues,revenues_pc,total_assets,total_assets_pc
2020,1.0855324106815356,77039170322,7779.924561185413,60433685423.71986,6102.992952621209,145449420344.45837,14688.443723087283,264566768846.34488,26717.700806200828,147739321711.45837,14919.693096793582,243720745915.12244,24612.531641894057
2021,1.0841821101636218,84843723356.53639,8925.242733177396,64663132341.98388,6802.319950227848,149952562734.0151,15693.913192742044,279304578228.29846,29231.789874945716,154212472837.0151,16139.751917645686,257617770677.05588,27100.427052340285
2022,0.8983432835656322,54977959655.51296,5850.206558424213,59762071045.72516,6359.2840143105705,153095037968.99164,16117.844313105605,246679176530.51324,25970.381635812424,169899149006.99164,17886.980982221434,274593444447.44333,28909.195527942135
