year,current_liabilities,current_liabilities_pc,debt_ratio,net_net_opeb_liability,net_net_opeb_liability_pc,net_net_pension_liability,net_net_pension_liability_pc,expenses,expenses_pc,total_liabilities,total_liabilities_pc,free_cash_flow,free_cash_flow_pc,revenues,revenues_pc,total_assets,total_assets_pc
2020,460400299268,1391.9468359493824,0.8629502160040066,518278749330,1566.9330936940999,682648865243,2063.879909613852,2503503281596,7568.942672597985,2533470851467,7659.5448379948175,-447721817282,-1353.6154688475094,2516181763582,7607.274039699858,2935825038898,8875.998517577584
2021,571032678382,1726.426179916195,0.8451693968861329,573291677928,1733.2559045611729,738332122884,2232.229353373936,3075860606561,9299.373710075935,2825335489846,8541.950997510963,-381292016614,-1152.7755671367902,3265601268329,9873.02432285534,3342922141118,10106.791643169014
2022,694991259824,2101.195170078227,0.7101805679631015,524332389023,1585.2353072896299,501729620392,1516.8994431956269,2786272154368,8423.849236268232,2668872226744,8068.909289320479,-341359208493,-1032.045094105008,3139904205699,9492.99931224145,3758019223757,11361.771432951558
